{
  "name": "moss:rooms_pool",
  "fallback": "minecraft:empty",
  "elements": [
    {
      "weight": 25,
      "element": {
        "element_type": "minecraft:single_pool_element",
        "location": "moss:classic",
        "processors": "minecraft:empty",
        "projection": "rigid"
      }
    },
    {
      "weight": 20,
      "element": {
        "element_type": "minecraft:single_pool_element",
        "location": "moss:classic_right",
        "processors": "minecraft:empty",
        "projection": "rigid"
      }
    },
    {
      "weight": 20,
      "element": {
        "element_type": "minecraft:single_pool_element",
        "location": "moss:classic_left",
        "processors": "minecraft:empty",
        "projection": "rigid"
      }
    },
    {
      "weight": 20,
      "element": {
        "element_type": "minecraft:single_pool_element",
        "location": "moss:dirt",
        "processors": "minecraft:empty",
        "projection": "rigid"
      }
    },
    {
      "weight": 20,
      "element": {
        "element_type": "minecraft:single_pool_element",
        "location": "moss:lush",
        "processors": "minecraft:empty",
        "projection": "rigid"
      }
    },
    {
      "weight": 15,
      "element": {
        "element_type": "minecraft:single_pool_element",
        "location": "moss:hall",
        "processors": "minecraft:empty",
        "projection": "rigid"
      }
    },
    {
      "weight": 1,
      "element": {
        "element_type": "minecraft:single_pool_element",
        "location": "moss:boss",
        "processors": "minecraft:empty",
        "projection": "rigid"
      }
    },
    {
      "weight": 10,
      "element": {
        "element_type": "minecraft:single_pool_element",
        "location": "moss:mangrove",
        "processors": "minecraft:empty",
        "projection": "rigid"
      }
    },
    {
      "weight": 100,
      "element": {
        "element_type": "minecraft:single_pool_element",
        "location": "moss:connector",
        "processors": "minecraft:empty",
        "projection": "rigid"
      }
    }

  ]
}