{
  "name": "lab:rooms_pool",
  "fallback": "minecraft:empty",
  "elements": [
    {
      "weight": 10,
      "element": {
        "element_type": "minecraft:single_pool_element",
        "location": "lab:room_1",
        "processors": "minecraft:empty",
        "projection": "rigid"
      }
    },
    {
      "weight": 10,
      "element": {
        "element_type": "minecraft:single_pool_element",
        "location": "lab:room_2",
        "processors": "minecraft:empty",
        "projection": "rigid"
      }
    }
  ]
}